Название светильника,цена,ссылка на светильник
Подвесной светильник Сансет Black,5990руб.,https://www.divan.ru/kaluga/product/podvesnoj-svetilnik-sanset-black
Подвесной светильник Сансет White,5990руб.,https://www.divan.ru/kaluga/product/podvesnoj-svetilnik-sanset-white
Подвесной светильник Кэндел Black,3990руб.,https://www.divan.ru/kaluga/product/podvesnoj-svetilnik-kendel-black
Подвесной светильник Кэндел White,3990руб.,https://www.divan.ru/kaluga/product/podvesnoj-svetilnik-kendel-white
Подвесной светильник Бабл-3,6990руб.,https://www.divan.ru/kaluga/product/podvesnoj-svetilnik-babl-3
Подвесной светильник Бабл-9,19 990руб.,https://www.divan.ru/kaluga/product/podvesnoj-svetilnik-babl-9
Подвесной светильник Moderli Alina,11 990руб.,https://www.divan.ru/kaluga/product/podvesnoj-svetilnik-moderli-alina
Подвесной светильник Priddy,9890руб.,https://www.divan.ru/kaluga/product/podvesnoj-svetilnik-priddy
Подвесной светильник Маро Green,9990руб.,https://www.divan.ru/kaluga/product/podvesnoj-svetilnik-maro-green
Подвесной светильник Tureis,3890руб.,https://www.divan.ru/kaluga/product/podvesnoj-svetilnik-tureis
Подвесной светильник Robinia Gold,9990руб.,https://www.divan.ru/kaluga/product/podvesnoj-svetilnik-robinia-gold
Подвесной светильник Даклин Red,3990руб.,https://www.divan.ru/kaluga/product/podvesnoj-svetilnik-daklin-red
Подвесной светильник Narices,10 690руб.,https://www.divan.ru/kaluga/product/podvesnoj-svetilnik-narices
Подвесной светильник Moderli Lewes,14 690руб.,https://www.divan.ru/kaluga/product/podvesnoj-svetilnik-moderli-lewes
Подвесной светильник Narices-1,30 290руб.,https://www.divan.ru/kaluga/product/podvesnoj-svetilnik-narices-1
Подвесной светильник Нести White,6190руб.,https://www.divan.ru/kaluga/product/podvesnoj-svetilnik-nesti-white
Подвесной светильник Полярик Silver,6890руб.,https://www.divan.ru/kaluga/product/podvesnoj-svetilnik-polyarik-silver
Подвесной светильник Нести Black,6190руб.,https://www.divan.ru/kaluga/product/podvesnoj-svetilnik-nesti-black
Подвесной светильник Снэки-5 Grey,7790руб.,https://www.divan.ru/kaluga/product/podvesnoj-svetilnik-sneki-5-grey
Подвесной светильник Минки-1 Black,2990руб.,https://www.divan.ru/kaluga/product/podvesnoj-svetilnik-minki-1-black
Подвесной светильник Moderli Host-1,5490руб.,https://www.divan.ru/kaluga/product/podvesnoj-svetilnik-moderli-host-1
Подвесной светильник Ридж White,3090руб.,https://www.divan.ru/kaluga/product/podvesnoj-svetilnik-ridj-white
Подвесной светильник Хоул Brown,2590руб.,https://www.divan.ru/kaluga/product/podvesnoj-svetilnik-houl-brown
Подвесной светильник Юта Beige,14 790руб.,https://www.divan.ru/kaluga/product/podvesnoj-svetilnik-yuta-beige
Подвесной светильник Хоул Grey,3890руб.,https://www.divan.ru/kaluga/product/podvesnoj-svetilnik-houl-grey
Подвесной светильник Телос White,3090руб.,https://www.divan.ru/kaluga/product/podvesnoj-svetilnik-telos-white
Подвесной светильник Минки-2 White,2490руб.,https://www.divan.ru/kaluga/product/podvesnoj-svetilnik-minki-2-white
Подвесной светильник Дейл-3 Brown,8290руб.,https://www.divan.ru/kaluga/product/podvesnoj-svetilnik-dejl-3-brown
Подвесной светильник Эллис-3 Black,5590руб.,https://www.divan.ru/kaluga/product/podvesnoj-svetilnik-ellis-3-black
Подвесной светильник Маро Green-3,25 590руб.,https://www.divan.ru/kaluga/product/podvesnoj-svetilnik-maro-green-3
Подвесной светильник Лиму-3 Black,5590руб.,https://www.divan.ru/kaluga/product/podvesnoj-svetilnik-limu-3-black
Подвесной светильник Алсагер Grey Felt,10 090руб.,https://www.divan.ru/kaluga/product/podvesnoj-svetilnik-alsager-grey-felt
Подвесной светильник Ньютаун-1 Black,11 490руб.,https://www.divan.ru/kaluga/product/podvesnoj-svetilnik-nyutaun-1-black
Подвесной светильник Стеллато-1 Wood,8790руб.,https://www.divan.ru/kaluga/product/podvesnoj-svetilnik-stellato-1-wood
Подвесной светильник Гермес Black,6390руб.,https://www.divan.ru/kaluga/product/podvesnoj-svetilnik-germes-black
Подвесной светильник Ройл Black,6790руб.,https://www.divan.ru/kaluga/product/podvesnoj-svetilnik-rojl-black
Подвесной светильник Сфера-1 Black,4990руб.,https://www.divan.ru/kaluga/product/podvesnoj-svetilnik-sfera-1-black
Подвесной светильник Талли Black,7190руб.,https://www.divan.ru/kaluga/product/podvesnoj-svetilnik-talli-black
